id,idioma,label,comentarios
127,es,0,"Si me gusta mucho y protege bien , solo para instalarlo y que no le queden las famosas burbujas es una lata, fuera de eso todo bien. ya se me cayo y solo se estrello esto no la pantalla"
87,es,0,Me gust√≥. Se ve que protege bien al celular
5,es,0,"La verdad un excelente producto, mejor de lo que esperaba, la pila me llego al 100% y est√©ticamente esta 10-10 solo tiene un ligero ray√≥n que ni se nota"
46,es,0,"He comprado este protector ya un par de veces para varios telefonos, funciona bien, se instala facil y protege bien el dispositivo."
128,pt,unknown,Trae aditamentos para colocar
88,es,0,Me gust√≥ por que fue f√°cil de poner
129,es,1,"De muy buena calidad, Encaj√≥ bien en la pantalla."
6,es,0,"Muy buen producto, a pesar de ser re acondicionado no vienen con ning√∫n golpe, ray√≥n o tan desgastada la pila (92 de vida), sin duda lo recomiendo por el precio, 10/10"
47,es,1,Excelente cristal templado. A mi esposa le encant√≥
89,es,0,"Tiene un aparato que te ayuda a alinear la mica, y queda bien sin estar batallando. Esta mica tambi√©n le queda al iP13"
130,es,1,Igual que la que venden en apple pero a un excelente precio y la colocaci√≥n super f√°cil
48,es,0,"Esta l√≠nea de protectores sale muy buena, y la ventaja es que vienen 2 o 3, seg√∫n el paquete que compres.
Yo los regres√© porque comet√≠ la equivocaci√≥n de comprar para iPhone 15 y yo necesitaba para iPhone 12. Cuando pregunt√© si les quedaba, porque la pantalla es del mismo tama√±o, el vendedor contest√≥ pronto y me dijo que eran diferentes, que los cambiara. El cambio fue muy f√°cil y muy r√°pido."
7,es,1,"Lleg√≥ el d√≠a esperado, evidente con su cargador gen√©rico, pero lo que me sorprendi√≥ es que ven√≠a con un 100% de capacidad de la bater√≠a, y su garant√≠a de f√°brica aun valida. Ning√∫n detalle est√©tico, como si fuera totalmente nuevo."
131,es,1,"Buena calidad de l cristal templado, se siente resistente para proteger la pantalla del Iphone y queda bien a la medida, ademas su herramienta de instalacion hace que sea muy preciso el poder colocar la mica, sin duda una buena compra para protger el telefono"
8,es,0,"En base a lo explicado por parte de Amazon renewed. B√°sicamente el el tel√©fono viene super bien. Funciona perfectamente, solo con unos peque√±os rasgu√±os en los costados y un poco sobre la pantalla aun costado del bot√≥n de bloqueo.
Lo √∫nico que no me gust√≥ es que lleg√≥ con el 89% de bater√≠a a pesar de las especificaciones que deber√≠a ser m√≠nimo de 90% seg√∫n la categor√≠a que le dieron.
Muy recomendable üëå."
90,es,0,"La resistencia del cristal, el grosor y el tama√±o es excelente para proteger la pantalla de tu iPhone 15 pro.
Tengo un PERO para este kit, el kit en general es muy bueno y completo (calidad precio) pero el marco gu√≠a que ponen no te da esa seguridad de ponerlo bien ya que tiene unos picos como gu√≠a y no es el marco completo, tiene su chiste para ponerlo por que si lo pones de arriba hacia la parte de abajo te quedar√° algo chueco, no es para espantarse pero si se nota, si quieres una buena instalaci√≥n tienes que hacerlo de uno de los lados a otro, me di cuenta haciendo varios intentos con uno de los cristales antes de desperdiciar otro de los 3 que te env√≠an.
Quitando eso de la instalaci√≥n, el kit es muy bueno y de muy buena calidad
Por eso le doy 4 estrellas
Recomendable !!!"
49,es,0,Es f√°cil de colocar y con una funda ni siquiera se nota
9,es,1,"Excelente calidad sin detalles externos, env√≠o muy r√°pido"
132,es,0,"Muy buen material, casi no se ensucia, las huellas no se mantienen tan f√°cil (suciedad) en la mica y es f√°cil de instalar"
91,es,1,"Buen√≠sima, buena calidad al mejor precio. De verdad es una de la mejores compras que he hecho. La recomiendo mucho."
50,es,1,"He utilizado mucho esta marca y es una marca decente, nada espectacular pero es buena."
10,es,0,"Llego muy bien con un cable gen√©rico pero todo bien, en general el equipo esta en buen estado sin rayones √∫nicamente un rasp√≥n en la parte superior izquierda pero no se ve mucho y con mica, estaba viendo que algunos les entregan cargador, en mi caso solo fue el cable."
133,es,0,Si buscas mica para tu iPhone est√° marca es de lo mejor
92,es,1,Bien viene con todo lo necesario para instalarlo bueno qued√© satisfecha
51,es,0,Queda bien con el iPhone 15.
11,es,1,"La bater√≠a me lleg√≥ al 90% y solo se ve un peque√±o detalle en la pantalla, casi ni se nota, por el resto est√° genial"
134,es,0,Llevo meses con la primera y son s√∫per resistentes
93,es,1,"No se pierde calidad de imagen, tiene buen precio y queda excelente gracias al marco. Adem√°s de que se siente bien al tacto."
52,es,1,Llegaron en perfecto estado y es muy f√°cil de instalar ya que trae un molde!!
138,es,1,"Excelente producto, viene con todo lo necesario para colocarlo. Pero lo mejor es el marco que hace que sea imposible ponerlo chueco"
12,es,1,"Play Video
El tel√©fono es muy bonito, pero tiene varios detalles est√©ticos, la mica que le agregaron para protecci√≥n, cubr√≠a un ray√≥n que ten√≠a, tiene m√∫ltiples raspones alrededor del tel√©fono pero es completamente funcional, no genera conflicto con este, las c√°maras funcionan incre√≠ble, es un buen producto pero pudieron referirse mucho mejor a el en la descripci√≥n"
15,es,1,"Me lleg√≥ en buen estado y con 100% de bater√≠a
Unos peque√±os golpes en la pantalla sin afectar su funcionamiento"
135,es,1,Vienen tres piezas y la aplicaci√≥n es s√∫per f√°cil. Muy buen precio y buen producto
97,es,1,Aplicaci√≥n f√°cil
53,es,1,Muy buenas micas
56,es,1,R√°pido y f√°cil de poner
94,es,0,Lo he comprado para mis telefonos y peotege la pantalla muy bien
13,es,0,"Re acondicionado-Excelente, pero tiene varios detalles en las esquinas, pantalla rayada y el auto brillo no funciona. Estoy consiente que es re acondicionado, pero no est√° excelente."
98,es,0,Es bueno sin embargo el marco que te ayuda a poner la mica no encaj√≥ bien en el celular para poner correctamente la mica siendo este para el celular que lo compre
136,es,0,Muy bueno
16,en,0,"Have had good luck previously with Amazon renewed items, but never with such a high-ticket item.
This renewed iPhone far exceeds expectations: The device looks absolutely new, and iOS showed only 5 battery cycles!
Display is perfect in appearance and operation, no scratches / marks on case, display, or camera lenses.
Everything works perfectly - at a fraction of what a new one cost!
Highly recommended.
Will update if anything changes."
57,ro,unknown,Excelente
95,es,1,"Excelente calidad, incluye todo lo necesario para hacer la aplicaci√≥n por uno mismo de manera sencilla"
139,es,1,"Muy bueno para el precio, solo ten√≠a un peque√±o rasp√≥n en una esquina y con el 90% de bater√≠a.
La pantalla est√° impecable y ven√≠a con una mica protectora, camaras en perfecto estado sin rayones ni detalles.
De ah√≠ en m√°s no hay ning√∫n detalle est√©tico o funcional y viene con un cable lighting a USB, solo cable, no cargador.
Estoy muy contento con la compra porque pr√°cticamente esta como nuevo.
Y como todos, al principio ten√≠a mis dudas pero puedo decirles que le den sin miedo."
99,ca,unknown,exelente
54,es,1,Me gusto la calidad y practicidad al ponerlo.
14,es,1,"El equipo lo compr√© en calidad ‚Äúbueno‚Äù y me lleg√≥ un equipo que calificar√≠a como 9.5 de 10, la pantalla y la parte trasera del equipo est√°n excelentes, solo un peque√±o muy leve rasp√≥n en la esquina superior derecha que muestro en las fotos, sin duda es una excelente compra, lo recomiendo ampliamente."
58,es,1,"Excelente producto, el cristal es bastante grueso pero eso no afecta la operaci√≥n del tel√©fono y su colocaci√≥n es muy f√°cil con ayuda de la herramienta que viene inclu√≠da."
137,es,0,"Mal√≠sima calidad, no s√© por qu√© tiene tantas buenas reviews"
140,es,0,"Muy bien me lleg√≥ el equipo en muy buenas condiciones y con mucho tiempo antes de lo que indicaba la llegada
Solo lo √∫nico malo fue que me lleg√≥ con la bater√≠a en un 81%
De ah√≠ en fuera todo bien"
55,es,1,"Muy buena calidad, siempre compro de esta marca"
96,es,0,La rapidez de env√≠o y entrega
17,en,0,"Was initially going back and forth between different quality tiers for renewed version both on Amazon and BackMarket, but ended up just paying a little more for Premium and I don‚Äôt regret it. Might have not snagged the once in a lifetime deal that was hiding out, but instead got what feels like a brand new device.
Only indication of any refurbishment is in the settings where the parts report informs me the display and camera were replaced with genuine apple parts, but I wouldn‚Äôt have guessed it."
86,es,1,Queda perfecto el el iPhone y muy f√°cil de instalar
141,es,0,Lo recib√≠ en excelentes condiciones est√©tica 9.5 ten√≠a los botones poco usados y √©l lente tambi√©n. Pero se aprecia muy poco solo la pila 89 % pero si pasa
18,en,0,"Just received today. Phone came with a tempered glass screen protector installed already. Looks to be in pristine condition (purchased as premium), and has 100% battery health. Only thing I have noticed so far is the charging port keeps popping up that it‚Äôs charging but it could be my cord not the phone itself. I‚Äôll have to do more investigating on that. But so far it seems excellent condition as described."
59,pt,unknown,Excelente calidad
100,es,0,"Hoy se cumplen 2 meses exactamente desde compre este producto; venian 3 protectores y hoy ya no tengo ninguno. En mi caso, la herramienta si quedo bien en mi iPhone 15 pro (tienes que usar la herramienta sin case), y fue un poco dificil de instalar mas que nada por el hecho de tratar que no entren particulas ni queden burbujas, pero creo eso en general conlleva mucha atencion para dejar una instalacion buena.
Vi que mucha gente decia que no pegaban bien las orillas o quedaban burbujas, pero vuelvo a lo mismo, creo que eso es mas dependiente de como lo instalan, a el producto en si.
Lo malo de este es la resistencia: 2 meses y ya use los 3 protectores, se rompen facilmente al uso cotidiando. El 1ero un dia lo saque de mi bolsillo y estaba astillado, el 2do lo mismo, y el 3ero si se me cayo el cel y se rompio (aunque cumplio su funcion y solo se estrello el protector y no la pantalla).
Por 200 pesos, tampoco creo que uno se pueda poner tan exigente."
19,es,0,"Funciona bien, para el precio! Lo recomiendo"
142,es,0,No tiene bandeja para colocar la tarjeta sim
60,es,1,"le ha protegido perfecto la pantalla de mi celular, no se ha roto ni una sola vez"
101,es,0,Esta marca me gusta mucho porque se adapta exacto el protector al modelo de tel√©fono y es duradero
61,es,1,Buena calidad y excelente precio
20,ca,unknown,Excellent!
102,es,1,"Lleg√≥ muy bien en su empaque, su instalaci√≥n es muy sencilla de realizar. Siempre es garant√≠a cualquier producto JETech"
143,es,1,"Ligeros ara√±azos, capacidad de la bater√≠a al 100%, buena compra por el precio"
103,es,1,Con el instalador es mucho m√°s f√°cil al momento de instalar la mica quede de recta con el celular
62,es,1,Muy buena calidad el producto
21,en,0,"I needed an iPhone on a budget and came across this. With it being almost $200 less than an iPhone from the Apple Store, I was intrigued. Upon purchasing it, I knew I was buying a refurbished phone and there was a chance there could be scratches or battery issues. When I received the phone it came in good packaging, with a charger, and with a certificate of functionality. I was thrilled by the packaging. After opening the phone and setting it up, I checked the battery health and it is still at 100% with only 10 total charges! The phone had not been opened either for any kind of repairs! Overall a great purchase if you are looking to get the iPhone 15 Pro Max cheaper. This was the renewed premium one that came unlocked!"
66,es,1,"Muy buena mica, desde que lo compr√© hace 5 meses no he tenido necesidad de cambiarla y se agradece que el paquete sea de tres para cuando suceda algun imprevisto. La herramienta hace muy bien su trabajo para colocar"
144,es,0,"Lleg√≥ con 100% de bater√≠a y pens√© que ten√≠a detalles est√©ticos en la c√°mara, pero s√≥lo era polvo.
Esta s√∫per bien, ped√≠ el de 512 gb y ha funcionado Perfecto. Eso si, tuve que ir a Telcel a que me activen el e-sim."
107,es,0,Cubre al 100% el total de la.pantalla vienen 3 as√≠ que en caso de da√±arse unala puedes cambiar compr√© la no t arrepentir√°s
22,en,0,"It does get hot initially when charging, but this is a known thing for even newer iPhone 15 pro maxes. It eventually goes away! Plus, if you are really that worried, just get a case and you wont have to worry about the heat even though it goes away. It is renewed premium so you have literally a whole year to return it if anything goes wrong... Anyways, funnily enough because of the 1 year return warranty, i suggest you get this over a new iphone 15 pro max that has like 15-30-90 day return policy because ""renewed premium"" has 365 days, just saying."
104,es,1,Muy buena calidad
26,en,0,"I paid the extra $100 for refurbished premium from networkstore and the iphone I received had only been powered on once, was brand new with no flaws whatsoever looked like it came straight from a brand new box and repackaged.
The only downside is you don't get the original box to throw away after unboxing, but for $400 less than MSRP that isn't an issue. Didn't want to risk $500 off a regular refurbished"
145,es,0,"El celular esta como nuevo, solo tuvo algunos detallitos esteticos , pero muy minimos que no han interferido el el funcionamiento del aparato."
148,es,1,"Es la primera que me animo a comprar un equipo renovado y la verdad que el equipo lleg√≥ en excelentes condiciones, sin rasgu√±os ni golpes, bater√≠a 92%, llevo 5 d√≠as con √©l y todo excelente 100% recomendado"
23,en,0,Like new and 100% battery
63,so,unknown,Good
108,es,1,Excelente producto la pantalla se ve genial
105,es,1,Se coloca muy f√°cil con el marco de apoyo y no se ensucia de huellas como otros. Me gusta que cubre completamente la pantalla.
67,es,1,"Los he comprado por 3ra ocasi√≥n, protegen bien el display por el precio.
Son de f√°cil colocaci√≥n y cuenta con todo lo necesario."
24,en,1,"Happy with the phone, battery was perfect as well"
27,es,1,Muy buen producto!!!!
64,ca,unknown,Excelente le queda perfecta
149,es,0,Exelnte manejo justo lo que quer√≠a
146,es,0,"Me preocupaba que no viniera en buenas condiciones por la categor√≠a de ""aceptable"" pero llego en muy buenas condiciones. La bater√≠a al 100% y el √∫nico defecto es que tenia la pantalla con algunos rayones pero con la mica no se alcanza a percibir tanto. Las c√°maras no tienen rayones. En general por el precio me parece una muy buena compra."
109,es,1,"Siempre hab√≠a comprado fundas Apple originales pero por el tiempo de entrega compr√© √©sta funda y qued√© gratamente sorprendido, es muy s√≥lida, se agarra bien el tel√©fono, y sobre todo me gust√≥ que en la parte posterior tiene los bordes levantados casi a la altura de las c√°maras, agregando sujeci√≥n, y al incluir la Wallet magn√©tica queda menos salida de la funda, haciendo m√°s c√≥moda la sujeci√≥n al agregar una cartera. El √∫nico tema es que la grasa se le pega f√°cil (tambi√©n pasa con fundas originales de silicona) y se puede sentir resbalosa, pero no se pierde pr√°cticamente sujeci√≥n. El MagSafe es muy fuerte y funciona perfecto. Lo recomiendo mucho."
106,es,0,Transparente y resistente
68,ro,unknown,Excelente
65,es,1,F√°ciles de poner
28,en,0,I bought this phone and there was a red dot in the screen I am not sure how it happened but I was very disappointed.
25,en,0,"The battery health is at 100% and the phone is excellent overall, however, the only thing is that there is a tiny chip on the glass. It‚Äôs not that visible when I'm using dark mode (which I usually use). I got use to it after a few days but it was sad seeing it initially."
150,es,0,Llego el d√≠a indicado y esta como nuevo
147,es,1,"Lo compr√© en categor√≠a aceptable, pero me lleg√≥ en muy buena est√©tica sin detalles visibles"
110,es,1,"Trae tres micas, tiene buena calidad"
4,es,0,"Est√©tica casi perfecta un 9/10
Muy buenas c√°maras y zoom
Pero no tiene ranura para SIM
Y la ESIM que le intentaba registrar no me lo permiti√≥, tuve que solicitar devoluci√≥n."
69,es,0,Esta marca nunca decepciona
29,en,0,"Very happy and satisfied with my purchase, there is no way to say that it is renewed, great condition without any scratches and battery life working 100%."
151,es,0,"Cumpli√≥ con mis expectativas, equipo en excelente condici√≥n hasta parece nuevo, llega en empaque gen√©rico pero con cable usb, el √∫nico detalle que encontr√© fue que es la versi√≥n esim, as√≠ que no tiene bandeja para sim, pero no es mayor problema, sin duda s√∫per recomendable"
111,es,0,"Me pareci√≥ muy bien que vengan 3 micas y sus kits de limpieza, anteriormente ya hab√≠a tenido una y dur√≥ bastante tiempo hasta que se me cay√≥ mi telefono. Las recomiendo. Adem√°s le quedan bien a un iPhone 14 pro :)"
70,ca,unknown,Qued√≥ perfecto
30,en,0,Really great phone worked for 4 days then had no phone for 3 days because of the suspension they put on my line. Make sure it‚Äôs not a lost phone check imei number
152,es,0,Todo bien lo recomiendo
71,es,1,me encant√≥
112,es,1,"Me sorprende que aun en ls tiendas oficiales de apple no vendan protectores de pantalla oficiales para su producto estrella, Apple trabaja de la mano con la marca BELKIN, y me dijeron que todav√≠a no ten√≠an ni las protecciones ni la maquina para ponerlos, lo cual me sorprendi√≥
Pero este cristal templado, queda excelente, viene con un dispositivo que ayuda a la colocaci√≥n y que quede en su lugar, pero aun asi me quedaron algunas basuras atrapadas, ah√≠ es cuesti√≥n de la persona que lo ponga"
31,en,0,Poor quality screen was scratched and corner had a chunk out of returned june 12 th no refund received yet
153,es,0,"La est√©tica del iPhone es de 6, viene muy golpeado de las orillas y la pantalla tiene rayones profundos, segu√≠ de eso, est√° bloqueado, p√©sima compra"
72,es,0,La funda se ajusta perfecto y es s√∫per transparente. Vamos a ver cuanto dura pero es la m√°s econ√≥mica que consegu√≠
113,es,1,Caracter√≠sticas
117,it,unknown,"Resistente
Protege la pantalla"
32,en,0,It didn‚Äôt come with a block?
154,es,0,Solo tiene 1 ciclo de carga y la primera vez que se uso fue en agosto de 2024 y a√∫n con la capacidad m√°xima al 100% ver√© como funciona si sale algo mal actualizare la rese√±a
73,es,0,Muy f√°cil de poner y trae sus pa√±os limpiadores
114,es,0,"Cubre con la descripci√≥n, excelente producto"
33,unknown,unknown,üëéüèª
155,es,1,"El iphone est√° en excelente estado, la bateria venia en 100%"
36,es,0,El equipo no tra√≠a ning√∫n ray√≥n ni nada estaba como nuevo lo √∫nico fue la pila que lleg√≥ al 89 para lo fue excelente y muy r√°pido el env√≠o
74,es,1,Muy bien deslizamiento. Mejor resoluci√≥n. F√°cil instalaci√≥n.
115,es,1,"Muy buen producto
Protege muy bien la pantalla del telefono"
34,es,0,"Apenas me lleg√≥ ayer y estoy muy contento con el equipo, me lleg√≥ s√∫per r√°pido y en excelentes condiciones, tiene un peque√±o detalle est√©tico en el borde pero no se nota nada, de ah√≠ en m√°s todo bien, me lleg√≥ con la bater√≠a al 99%, en si est√° completamente nuevo"
158,en,0,"The battery life of these phones is a lot less than expected. My old Xs max after sever years of use is equivalent to this new one.
I‚Äôm not very happy with this purchase.
Up date, it holds better battery life when charged with a better charging cable."
156,es,0,"Todo perfecto, sin ning√∫n detalle. L√°stima que me vino con la bater√≠a al 93%"
77,es,0,"Protector de celular, la calidad"
75,es,0,"Segunda vez que la pido porque esta mica es una maravilla. De marzo 2024 a hoy ha salvado a mi celular 2 veces. La √∫ltima tras caer boca abajo de 1 metro de altura: la mica estaba cuarteada, pero la pantalla intacta. Y el sistema para ponerla es s√∫per bueno, te asegura 0 burbujas y queda totalmente derechita. La amo."
116,es,0,La recomiendo
118,es,0,"Muy buena calidad y f√°cil de instalar, sin marcos feos que disminuchen la vision de la pantalla, totalmente cristalina. Lo mejor de todo es que vienen 3 a precio de 1. Vas a una plaza de la lacrer√≠a y se atacan vendiendote una al mismo precio y todav√≠a con marcos feos y de dudosa calidad.
Solo que de verdad tengan cuidado, de preferencia no tener un ventilador o cualquier fuente de aire que les pueda aventar polvo, porque cualquier mota de polvo que le pueda caer har√° que deje burbujas que ya no se puedan quitar. Yo hasta la tercera me qued√≥ bien XD
Lo volver√≠a a comprar 10/10"
35,es,1,La c√°mara frontal no enfobaba‚Ä¶
37,es,0,me gusto todo menos en la caja que viene
157,en,1,"No noticeable defects other than a chip in the metal housing around the camera, which is a little disappointing. Battery good. Speed, connectivity and sound quality all great."
76,es,1,"Buen material, y sencillo para su colocaci√≥n"
159,en,1,Everything Great!!!
45,es,1,"la mica es super transparente y se adapta muy bien a la pantalla del iphone, el touch funciona de maravilla, ademas ayuda mucho la herramienta para colocarlo en la superficie, evitando los grumos de aire"
78,es,0,Silicon transparente que ajusta muy bien
119,es,1,"F√°cil de instalar, se hacen burbujas en las orillas"
38,ca,unknown,Lleg√≥ muy bien
160,en,0,"Also for other renewed phone buyer , open your battery settings and take a look at your battery health section: Reduced price for reduced battery life. Mine is ok but you need to know why this is cheaper."
79,es,0,"Bien, el kit viene con 3 protectores y su marco para instalar derechito.
Mal porque se despostillan de la nada, me chut√© las 3 micas en 3 meses porque siempre se despostillaban.
Lo tengo con funda de borde alto y no s√© porque les pasan eso, hago Home Office y no es como que todo el tiempo traiga el celular el la bolsa del pantal√≥n, siempre est√° en mi escritorio o mesa de noche y a√∫n con eso se despostillan.
Protegen bien y son de calidad pero quiz√° las m√≠as salieron defectuosas o yo que s√©.
Pero cumplen."
120,es,0,Llevo mas de 5 a√±os comprando estos protectores de pantalla y excelente calidad y precio.
39,es,1,"Por lo general evitaba este tipo de productos y preferir√≠a pagar una instalaci√≥n de pantalla pero ya no mas. Me sorprendi√≥ lo f√°cil que fue instalarlo. Tiene una excelente relaci√≥n calidad-precio, ya que incluye 3 unidades, y el cristal no solo se ve, sino que tambi√©n se siente de muy buena calidad. Si tienes un iPhone, este producto es altamente recomendado, especialmente porque, aunque las nuevas pantallas son m√°s resistentes a los golpes, son m√°s propensas a rayarse. Una compra imprescindible para proteger tu inversi√≥n."
161,es,1,En excelente condici√≥n 10/10
80,es,1,"Lo √∫nico bueno es que trae 3 porque se rompen f√°cilmente, hay que tener mucho cuidado ‚ö†Ô∏è ."
121,es,1,F√°cil de instalar
40,es,0,"-Las ‚Äúmicas‚Äù, vienen en un juego de tres, adem√°s cuenta cada una con un limpiador y una toallita para limpiar, es decir, vienen en juego de tres. Adem√°s, cuenta con un marco que ayuda a que coloques las micas protectoras con m√°s facilidad
La colocaci√≥n fue sencilla, pues viene con una especie de cosita que ayuda a que pegues mejor la mica para sacarle las burbujas de aire que quedan atrapadas
Un detalle y esto t√≥malo con cautela porque fue mi percepci√≥n, al momento de colgar la mica, sent√≠ que se perd√≠a el brillo de la pantalla, es decir, esa resoluci√≥n con la que vez al iPhone, sent√≠ que se ‚Äúapag√≥‚Äù un poquito con la mica, pero nada que sea de importancia y que no se pueda solucionar si subes el brillo
Es muy poco lo que llevo us√°ndola para saber que tanto se raya, o que tanto resiste (espero no necesitar comprobar esto) pero te puedo decir que por el precio, vale la pena pues te evitas ir a una plaza donde te van a cobrar lo mismo por una sola mica (aqu√≠ te dan 3)"
162,en,0,"No scratches , 100 percent battery health. The only con is the cheap charger they provide doesn‚Äôt work."
81,es,1,"Excelente producto, viene con todo para aplicar con 3 micas que fue lo que m√°s me gust√≥, pens√© que solo ven√≠a una"
122,es,1,"Play Video
Ayuda mucho el soporte que incluye para poder colocar la carcasa correctamente. El material se siente bueno y trae su kit b√°sico para limpiar la pantalla antes de colocar la mica. El pegamento fij√≥ bien aunque le quedaron dos peque√±as pelucitas."
41,es,1,"Estos protectores siempre cumplen. Adem√°s, ahora son m√°s f√°ciles de instalar."
163,en,1,Nothing but the best. I asked for an unlocked Renewed Premium phone and that is precisely what I received. You've got to check these reviews because not all companies are as ethical as Electronicity. Great work all the way around! Highly recommend.
82,es,0,"Cumple con su cometido, muy bien para proteger tu iPhone."
123,es,1,Siempre compro esta marca y nunca me ha fallado. Si protege bien la pantalla.
42,es,1,"Muy bueno, queda a la medida. Muy recomendable."
164,en,0,Perfect state and no even one scratch
83,es,1,"Por el precio me parece una gran compra, f√°cil de instalar y al parecer muy resistente. Ya veremos con el tiempo."
124,es,1,"Viene con gu√≠a para ponerla, est√° s√∫per sencillo y f√°cil de instalar, recomendado"
43,es,1,Buen producto
165,en,0,"Immediately after turning on I Saw the odd color grading, after the set up I checked with apple replacement and it is a third party screen,
Poor colors and not up to iPhone standard."
84,es,1,"Siempre compro micas JETech por su calidad y su f√°cil instalaci√≥n, ahora vienen con una gu√≠a para que queden perfectas. Consideren que aunque el iPhone 15 y 15 pro tienen indicado el mismo tama√±o de pantalla (6.1‚Äù), no son iguales y no se ajustan con las fundas correctamente."
125,es,1,Muy buen protector son 3 en un paquete
44,es,1,Trae todo lo necesario para colocarlo. Lo que lo hace f√°cil. El vidriero casi no se siente que lo tienes puesto. Si lo pones bien no deja marcas. Buen precio por 3 vidrios
166,en,0,The phone was in pristine condition with 100% battery health.
85,es,1,F√°cil de colocar y de buena calidad
126,es,0,"Entiendo que el punto de estas micas es que se rompan para que no se rompa la pantalla, pero se me rompieron con demasiada facilidad, con golpes muy peque√±os. Cambi√© de mica varias veces en un mes. Decid√≠ comprar una m√°s barata en una tienda local y llevo meses con ella por menos precio."
1,es,0,"El tel√©fono funciona correctamente, el √∫nico detalle son peque√±os ara√±azos en la pantalla pero con el protector ya no se aprecian, todo lo dem√°s al 100. Un 95 de 100"
167,es,1,Muy conveniente
2,es,0,La bater√≠a dura poco y tiene mala recepci√≥n de la se√±al.
3,es,1,"F√≠sicamente impecable, como nuevo, ya le cargue mi cuenta y funciona perfectamente, la bater√≠a dura m√°s de 48 horas, pantalla funcionando correctamente as√≠ como los botones, no dir√≠a que es un tel√©fono renovado. La relaci√≥n calidad-precio fant√°stica, a√∫n falta colocar la tarjeta sim. Tengo a√∫n dos meses para seguir probando el iPhone pero hasta hoy estoy satisfecho."
